Title,Price,Rating,Link
Apple,Price not listed,4.3 out of 5 stars,No link available
"Apple iPhone 13, 128GB, Green for AT&T (Renewed)",Price not listed,4.1 out of 5 stars,No link available
"Apple iPhone 15 Pro, 256GB, Black Titanium - AT&T (Renewed)",Price not listed,4.2 out of 5 stars,No link available
"Apple iPhone 11, 256GB, Purple for Verizon (Renewed)",Price not listed,4.2 out of 5 stars,No link available
"Apple iPhone 12 Pro, 128GB, Silver - Verizon (Renewed)",Price not listed,4.1 out of 5 stars,No link available
"Apple iPhone 15 Plus, 256GB, Yellow - AT&T (Renewed)",Price not listed,4.4 out of 5 stars,No link available
"Apple iPhone SE (2nd Generation), US Version, 64GB, Red for Verizon (Renewed)",Price not listed,4.2 out of 5 stars,No link available
"Apple iPhone 14 Plus, 256GB, Starlight for T-Mobile (Renewed Premium)",Price not listed,No rating,No link available
"Apple iPhone 14 Plus, 256GB, Starlight for GSM (Renewed Premium)",Price not listed,No rating,No link available
Apple,Price not listed,5.0 out of 5 stars,No link available
"Apple iPhone 14 Pro, 256GB, Space Black - Unlocked (Renewed Premium)",Price not listed,4.2 out of 5 stars,No link available
"Apple iPhone 14, 128GB, Purple - Unlocked (Renewed Premium)",Price not listed,4.2 out of 5 stars,No link available
"Apple iPhone 13, 128GB, Midnight - Unlocked (Renewed Premium)",Price not listed,4.3 out of 5 stars,No link available
"Apple iPhone 14 Pro Max, 256GB, Gold - Unlocked (Renewed Premium)",Price not listed,4.3 out of 5 stars,No link available
"Apple iPhone 14 Plus, 128GB, Midnight for Unlocked (Renewed Premium)",Price not listed,4.2 out of 5 stars,No link available
"Apple iPhone 14 Plus, 256GB, Blue for Unlocked (Renewed Premium)",Price not listed,4.2 out of 5 stars,No link available
"Military Smart Watch for Men 1.96 Inches Outdoor Sports Smartwatch with Answer/Make Call,Fitness Watch,Blood Oxygen,Heart Rate and Sleep Monitor Compatible with iPhone and Android Phones",39..99,4.1 out of 5 stars,No link available
"Wireless Charger, Tribone 3 in 1 Foldable Fast Charger for iPhone 16 15 14 13 12 11 Pro Max XR XS 8 Plus,for Multiple Devicesï¼Œfor Apple Watch 10 9 8 7 6 5 4 3 2 SE Ultra,for AirPods Pro 4 3 2 (White)",32..99,4.4 out of 5 stars,No link available
"Apple iPhone 11, 64GB, Black - Unlocked (Renewed Premium)",Price not listed,4.4 out of 5 stars,No link available
"Apple iPhone 12 Pro Max, 256GB, Gold - Unlocked (Renewed Premium)",Price not listed,4.4 out of 5 stars,No link available
"Apple iPhone 14 Plus, 256GB, Midnight for Unlocked (Renewed Premium)",Price not listed,4.1 out of 5 stars,No link available
hohem,129..00,4.5 out of 5 stars,No link available
Delton,77..91,3.9 out of 5 stars,No link available
hohem,129..00,4.5 out of 5 stars,No link available
Halo,29..99,No rating,No link available
hohem,129..00,4.5 out of 5 stars,No link available
"30W Fast Wall Charger, USB C Charger Block with GaN III Tech, PD3.0 PPS Foldable Charger for 16/15 and More Series, Galaxy, iPad, Compatible with MagSafe",9..99,4.8 out of 5 stars,No link available
